req_id,statement,rationale,allocated_to,verification,evidence_repo,resiliency_approach
SR-001,The CC shall discard all traffic on its radio interface except WireGuard traffic from the provisioned GCS peer.,"Keeps RF-injected MAVLink, including the four messages PX4 accepts unsigned, from reaching the MAVLink router or the FC (THR-001). Verified by VE-01.",CMP-CC,T,P3,Segmentation: Predefined Segmentation; Deception: Obfuscation; Coordinated Protection: Calibrated Defense-in-Depth
SR-002,The GCS shall discard all traffic on its radio interface except WireGuard traffic from the provisioned CC peer.,Mirrors SR-001 on the ground side: RF-injected traffic and a compromised ground radio reach only the WireGuard endpoint.,CMP-GCS,T,P3,Segmentation: Predefined Segmentation; Deception: Obfuscation; Coordinated Protection: Calibrated Defense-in-Depth
SR-003,"The FC shall reject MAVLink messages that are unsigned or not signed with the provisioned key, except HEARTBEAT, RADIO_STATUS, ADSB_VEHICLE and COLLISION.","End-to-end command integrity from GCS to FC, inside the tunnel. The exceptions are PX4's fixed unsigned allowlist. Verified by VE-02.",CMP-FC,D,P3,Substantiated Integrity: Integrity Checks
SR-004,The FC shall enter Return mode when no GCS heartbeat has been received for COM_DL_LOSS_T = 10 s (NAV_DLL_ACT = 2).,"PX4 disables the GCS-loss failsafe by default. Jamming, tunnel loss and CC failure all appear as data-link loss (DD-01, DD-05). 10 s is the PX4 default timeout, kept as the initial value and checked in VE-01.",CMP-FC,T,P3,Adaptive Response: Dynamic Reconfiguration
SR-005,"The CC shall boot only boot-chain components signed with the project boot key, verified from a hardware root of trust.",Stops persistent modification of the boot chain from surviving a reboot.,CMP-CC,T,P2,Substantiated Integrity: Integrity Checks
SR-006,The CC shall mount its root filesystem read-only with block-level integrity verification.,"Extends the verified boot chain to the root filesystem, so offline or runtime modification is detected when blocks are read.",CMP-CC,T,P4,Substantiated Integrity: Integrity Checks; Non-Persistence: Non-Persistent Services
SR-007,The CC shall install only update images that are signed with the MSS release key and newer than the installed version.,Blocks malicious and rollback images on the maintenance path.,CMP-CC,T,P3,Substantiated Integrity: Provenance Tracking; Substantiated Integrity: Integrity Checks
SR-008,The CC shall restrict read access to the MAVLink signing key to a single signing service.,"Compromise of the video pipeline, the router or another CC process then does not directly yield the shared key.",CMP-CC,T,P4,Privilege Restriction: Trust-Based Privilege Management
SR-009,"The CC shall run the MAVLink router, the command filter and the video pipeline as unprivileged processes confined by a mandatory access control policy.",These processes parse untrusted input from the link and the payload. Confinement limits what an exploited parser can reach.,CMP-CC,T,P4,Privilege Restriction: Trust-Based Privilege Management; Segmentation: Predefined Segmentation
SR-010,"The CC shall seal its WireGuard private key and its copy of the signing key to its TPM, bound to the measured boot state.","Keys cannot be read from removed storage, and a modified boot chain cannot unseal them.",CMP-CC,T,P2,Privilege Restriction: Attribute-Based Usage Restriction; Substantiated Integrity: Integrity Checks
SR-011,"The CC shall forward from the GCS tunnel to the FC only messages and commands on the approved allowlist, which excludes SERIAL_CONTROL, FILE_TRANSFER_PROTOCOL, SETUP_SIGNING, RADIO_STATUS, ADSB_VEHICLE and COLLISION.","Implements DD-04: removes shell, file and key-management services and the unsigned-allowlist messages from what the link can reach. QGroundControl may use MAVLink FTP for component metadata; P4 validates the allowlist against QGroundControl v5.1.5 and records any exception.",CMP-CC,T,P4,Realignment: Restriction; Coordinated Protection: Calibrated Defense-in-Depth
SR-012,The CC shall rate-limit MAVLink traffic forwarded to the FC to the approved per-message rates.,"Keeps a flood, malicious or accidental, from starving FC message handling.",CMP-CC,T,P4,Privilege Restriction: Attribute-Based Usage Restriction
SR-013,The CC shall log each command it forwards to the FC with a timestamp and either the sending WireGuard peer or a CC-originated marker.,"WireGuard peers have individual keys, so the CC can attribute what MAVLink signing cannot.",CMP-CC,T,P4,Analytic Monitoring: Forensic and Behavioral Analysis
SR-014,The CC shall accept only the USB device classes and identifiers on the approved payload list.,"Blocks a tampered payload from presenting itself as a keyboard, network adapter or storage device.",CMP-CC,T,P4,Realignment: Restriction
SR-015,The CC shall verify the signature of MAVLink frames received from the FC before using them for autonomy decisions.,Autonomy acts only on telemetry from a key holder.,CMP-CC,T,P3,Substantiated Integrity: Integrity Checks
SR-016,The CC shall restore C2 forwarding through a hardware watchdog when its C2 services stop responding.,Shortens a CC hang before the data-link-loss failsafe ends the mission. The watchdog period is set in P4.,CMP-CC,T,P4,Non-Persistence: Non-Persistent Services
SR-017,The CC shall encrypt stored mission imagery to a public key whose private key is held only on the MSS.,A captured vehicle holds no key that decrypts its imagery. This follows the PX4 log-encryption design (SR-019).,CMP-CC,D,P3,Deception: Obfuscation
SR-018,"The FC shall boot only firmware signed with the project firmware key, using PX4 Bootloader Secure Boot.",Blocks unsigned or modified firmware loaded over USB or from tampered artifacts. PX4's secure boot uses Ed25519 signatures.,CMP-FC,T,P2,Substantiated Integrity: Integrity Checks; Substantiated Integrity: Provenance Tracking
SR-019,"The FC shall encrypt flight logs with PX4 log encryption, using a public key whose private key is held only on the MSS.","PX4 log encryption (XChaCha20 with an RSA2048-OAEP key wrap) is not enabled in default builds, so it is a build requirement.",CMP-FC,D,P3,Deception: Obfuscation
SR-020,The FC shall run with the GNSS spoofing and jamming checks enabled (EKF2_GPS_CHECK bits 9 and 11 set).,"PX4 always alerts on receiver-reported spoofing and jamming. With these bits set, a report also fails PX4's GNSS checks on the ground and in flight, so the EKF stops relying on that data and arming is blocked. The default (2047) leaves bit 11 clear. Detection depends on the receiver reporting the condition.",CMP-FC,I,P6,Analytic Monitoring: Monitoring and Damage Assessment; Substantiated Integrity: Integrity Checks
SR-021,The FC shall take no automatic flight action on ADS-B traffic reports (NAV_TRAFF_AVOID = 0 or 1).,"With no ADS-B receiver in the system, any traffic report is spoofed. Return or Land on spoofed traffic would hand an adversary control of when the mission ends.",CMP-FC,I,P6,Realignment: Restriction
SR-022,"The FC shall have only the MAVLink instance for the CC link enabled besides USB, with the uXRCE-DDS client disabled (UXRCE_DDS_CFG = 0).","Implements DD-03: no path to the FC bypasses the CC, and none bypasses signing.",CMP-FC,I,P6,Realignment: Restriction; Segmentation: Predefined Segmentation
SR-023,"The FC shall carry tamper-evident seals over its SD-card slot, debug connectors and sensor and actuator wiring that are inspected before each flight.",Physical access is the main threat to the key file and to internal wiring (PX4 hardening guide). Seals make that access evident before flight.,CMP-FC,I,P5,Substantiated Integrity: Integrity Checks
SR-024,The FC shall have its SWD/JTAG debug port disabled or physically sealed in the flight configuration.,PX4 notes that exposed debug ports allow a full firmware reflash and bypass all software security.,CMP-FC,T,P5,Realignment: Restriction
SR-025,The GCS shall alert the operator when FC telemetry is unsigned or not signed with the provisioned key.,Detects a deleted or replaced key file and an adversary-installed first key before flight. Verified as part of VE-02.,CMP-GCS,D,P3,Analytic Monitoring: Monitoring and Damage Assessment
SR-026,The GCS shall require individual operator authentication to unlock a session.,"Prevents use of an unattended or stolen GCS, and ties actions to an operator account.",CMP-GCS,I,P6,Privilege Restriction: Trust-Based Privilege Management
SR-027,The GCS shall use full-disk encryption.,Protects the keys and mission data on a lost or stolen laptop.,CMP-GCS,I,P6,Deception: Obfuscation
SR-028,The GCS shall install only software packages whose signatures verify against the MSS release key.,Keeps tampered QGroundControl builds and packages off a key holder.,CMP-GCS,T,P4,Substantiated Integrity: Provenance Tracking
SR-029,The GCS shall have no network interface enabled other than the ground-radio link during operations.,"The GCS is a key holder. Isolating it removes email, web and other network paths to the keys.",CMP-GCS,I,P6,Segmentation: Predefined Segmentation; Realignment: Restriction
SR-030,The GCS shall record each sortie's sent and received MAVLink traffic with the operator account that ran it.,"Gives the operator side of command attribution, which complements the CC log (SR-013).",CMP-GCS,I,P6,Analytic Monitoring: Forensic and Behavioral Analysis
SR-031,The MSS shall build release artifacts only from dependencies pinned by cryptographic hash to approved sources.,"Defeats typosquatting, dependency confusion and silent upstream changes.",CMP-MSS,T,P4,Substantiated Integrity: Provenance Tracking
SR-032,"The MSS shall produce an SBOM and a vulnerability scan for every release artifact, including PX4 firmware.","Tracks upstream advisories, including PX4 MAVLink fixes, against what is actually deployed. PX4 v1.18 generates an SPDX SBOM for each build.",CMP-MSS,T,P4,Contextual Awareness: Dynamic Resource Awareness
SR-033,The MSS shall record build provenance for every release artifact and verify it before loading.,Detects artifacts built outside the controlled pipeline or modified after build.,CMP-MSS,T,P4,Substantiated Integrity: Provenance Tracking
SR-034,The MSS shall hold software signing private keys in a hardware security module that does not export them.,Even a compromised MSS cannot copy the signing keys.,CMP-MSS,D,P3,Privilege Restriction: Attribute-Based Usage Restriction
SR-035,The MSS shall keep an encrypted offline backup of each software signing key.,Losing a signing key would leave devices unable to accept updates.,CMP-MSS,D,P3,Redundancy: Protected Backup and Restore
SR-036,"The MSS shall provision a new MAVLink signing key to the FC, CC and GCS after any loss of physical custody of a key holder.","The key is shared and PX4 has no automatic rotation, so one exposed holder exposes all of them.",CMP-MSS,D,P3,Non-Persistence: Non-Persistent Information
SR-037,"The MSS shall provision the first signing key on the FC over USB at first power-up, before any other link is connected.",Closes the provisioning window created by PX4 v1.18 accepting the first key on any link.,CMP-MSS,D,P3,Privilege Restriction: Trust-Based Privilege Management
SR-038,The MSS shall process offloaded vehicle data in an account that has no access to key material.,Data returned from the vehicle is untrusted input to the host that holds every key.,CMP-MSS,T,P4,Segmentation: Predefined Segmentation
SR-039,The MSS shall log each software load and key-provisioning action with the maintainer's identity.,Makes maintenance actions attributable.,CMP-MSS,I,P6,Analytic Monitoring: Forensic and Behavioral Analysis
SR-040,The MSS shall require individual maintainer authentication.,Prevents use of an unattended MSS and supports SR-039.,CMP-MSS,I,P6,Privilege Restriction: Trust-Based Privilege Management
SR-041,"The MSS shall record the firmware versions of the GNSS module, ESCs, radios and payload at each maintenance action and compare them with the approved baseline.",Detects peripheral firmware changed through maintenance or replacement parts.,CMP-MSS,I,P6,Substantiated Integrity: Integrity Checks
SR-042,The MSS shall provision GCS keys over a direct wired connection and never through removable media.,Removes the copy of the keys that removable media would leave behind.,CMP-MSS,I,P6,Non-Persistence: Non-Persistent Information
SR-043,The MSS shall generate and provision keys only while disconnected from external networks.,Separates key handling from the online upstream intake (DF-16).,CMP-MSS,I,P6,Non-Persistence: Non-Persistent Connectivity
SR-044,The CC shall accept maintenance connections only when authenticated with the MSS maintenance key.,Stops a rogue device on the maintenance port from loading images or credentials.,CMP-CC,T,P4,Privilege Restriction: Trust-Based Privilege Management
