threat_id,title,element_id,stride,description,emb3d,attack_ics,mission_impact,disposition,acceptance_rationale
THR-001,Spoofed GCS heartbeats suppress the data-link-loss failsafe,CMP-GCS,S,"PX4 accepts HEARTBEAT unsigned on every link and derives GCS liveness from MAV_TYPE_GCS heartbeats. While the real GCS link is jammed or down, an adversary who can deliver MAVLink to any FC link impersonates the GCS, so the data-link-loss failsafe (DD-05) never triggers and the vehicle flies on without C2 or automatic return. Residual after SR-001: a compromised CC or GCS, both already inside the C2 trust base.",,T1692.002,MI-1,mitigate,
THR-002,Commands reach the FC outside the modeled C2 path,CMP-FC,S,An enabled uXRCE-DDS client or an unused MAVLink instance (the px4_fmu-v6x defaults enable MAVLink on Ethernet) gives a peer a path to the FC that bypasses the CC. MAVLink signing does not cover uXRCE-DDS at all.,TID-310,T1692.001,MI-1,mitigate,
THR-003,Privileged MAVLink services used to reconfigure the FC,CMP-FC,T,"A peer that can send signed MAVLink (any key holder, or a compromised CC or GCS) uses the MAVLink shell (SERIAL_CONTROL), MAVLink FTP or parameter writes to change failsafes, delete files or run commands on the FC. Residual: CC-originated commands and the USB maintenance link are not filtered.",TID-224; TID-205,T0807; T0836,MI-1,mitigate,
THR-004,Signed commands cannot be attributed to a key holder,CMP-FC,R,"All holders share one signing key, so the FC cannot tell whether the GCS, CC or MSS signed a command. MAVLink alone cannot show who issued it.",,,MI-3,mitigate,
THR-005,MAVLink flood on the CC-FC link degrades the FC,CMP-FC,D,"A malfunctioning or compromised CC process, or a tap on the UART, floods the FC with MAVLink traffic and starves message handling. Residual: a fully compromised CC can bypass the rate limit.",TID-405,T0814,MI-2,mitigate,
THR-006,Memory-safety flaw in FC MAVLink handling exploited,CMP-FC,E,"Crafted MAVLink exploits a parsing flaw in PX4 and gains code execution on the FC. The MAVLink frame parser runs on unauthenticated input; the PX4 v1.17 release notes list MAVLink FTP path-traversal hardening, so flaws of this class occur.",TID-327,T0866,MI-1,mitigate,
THR-007,Vehicle impersonated with a stolen CC WireGuard key,CMP-CC,S,"An adversary holding the CC's WireGuard private key, for example from a captured vehicle, poses as the vehicle to the GCS and feeds it false telemetry and video.",,T0832,MI-2,mitigate,
THR-008,Persistent modification of CC software,CMP-CC,T,"An adversary with physical access, a malicious update or a foothold on the CC modifies its boot chain, root filesystem or configuration so the compromise survives reboot.",TID-201; TID-301; TID-218,T1693.001,MI-1,mitigate,
THR-009,CC failure removes all C2,CMP-CC,D,"All C2 passes through the CC (DD-01), so a CC crash, hang or power fault cuts the vehicle off from the GCS.",TID-222,T0827,MI-2,mitigate,
THR-010,Code execution on the CC yields full vehicle C2,CMP-CC,E,"An adversary who gains code execution on the CC, through a flaw in a network-facing or media service or a malicious peripheral, reads the shared signing key and signs any command to the FC. Top threat of the architecture (section 4.2). Residual: full CC compromise still yields C2, inherent to PX4's shared-key signing.",TID-219; TID-223,T0890; T1692.001,MI-1,mitigate,
THR-011,Tampered payload attacks the CC over USB,CMP-PL,T,"A payload with modified firmware enumerates as an unexpected USB device class, such as a keyboard or network adapter, to attack the CC.",TID-113,T0862,MI-1,mitigate,
THR-012,Tampered or counterfeit navigation module,CMP-NAV,T,"A GNSS or compass module with modified firmware, introduced through the supply chain or maintenance, reports false position or heading. Residual: a modification made before receipt that leaves the reported firmware version unchanged.",TID-113,T0862,MI-1,mitigate,
THR-013,Tampered ESC firmware commands unsafe thrust,CMP-ACT,T,"ESC firmware modified through the supply chain, or over DroneCAN by a compromised node, ignores or distorts FC commands.",TID-113,T1693.002,MI-1,mitigate,
THR-014,Compromised air radio attacks the CC,CMP-RAD-A,E,An air radio compromised over RF or through its own firmware sits on the CC's Ethernet segment and attacks CC services directly.,TID-202,T0860,MI-1,mitigate,
THR-015,Compromised ground radio attacks the GCS host,CMP-RAD-G,E,A ground radio compromised over RF or through its own firmware sits on the GCS host's network interface and attacks GCS services directly.,TID-202,T0860,MI-1,mitigate,
THR-016,Stolen or unattended GCS used to command the vehicle,CMP-GCS,S,Someone with physical access to an unattended or stolen GCS laptop uses its keys and session to command the vehicle.,,T0848,MI-1,mitigate,
THR-017,Tampered GCS software,CMP-GCS,T,"A modified QGroundControl build or operating-system package, inserted upstream or during installation, forges commands or misreports telemetry while holding the signing key.",,T0862,MI-1,mitigate,
THR-018,Operator actions cannot be attributed,CMP-GCS,R,"Without a per-operator record, the GCS cannot show which operator issued a command.",,,MI-3,mitigate,
THR-019,Malware from unrelated use compromises the GCS,CMP-GCS,E,"Email, web browsing, removable media or other networks used on the GCS deliver malware that obtains the signing and WireGuard keys.",,T0817; T0847,MI-1,mitigate,
THR-020,Unauthorized use of the MSS,CMP-MSS,S,Someone with access to an unattended MSS uses it to load software or provision keys.,,,MI-1,mitigate,
THR-021,Build environment inserts malicious code into signed artifacts,CMP-MSS,T,"A compromised build host or toolchain alters firmware or images before signing, so devices accept them as genuine.",,T0862,MI-1,mitigate,
THR-022,Maintenance actions cannot be attributed,CMP-MSS,R,"Without a per-maintainer record, the MSS cannot show who loaded software or provisioned keys.",,,MI-3,mitigate,
THR-023,MSS compromised through its online connection,CMP-MSS,E,The MSS fetches upstream sources (DF-16). Malware arriving that way gains access to master key material and to the maintenance links into the vehicle.,,T0864,MI-1,mitigate,
THR-024,GNSS spoofing diverts the vehicle,EE-GNSS,S,"Counterfeit civil GNSS signals shift the position estimate and steer the vehicle off its route or into a hazard. PX4 alerts on spoofing the receiver reports, and with EKF2_GPS_CHECK bit 9 set it also stops relying on that GNSS data. Residual: spoofing the receiver does not report goes unflagged.",,,MI-1,mitigate,
THR-025,Impersonated upstream source,EE-UPSTREAM,S,"A typosquatted package, a dependency-confusion name or a compromised mirror supplies code that appears to come from a legitimate project.",,T0862,MI-1,mitigate,
THR-026,Signing key read from the FC's SD card,DS-FC-KEY,I,"Anyone with brief physical access to the SD card copies the 40-byte key file and becomes a key holder. The key alone does not reach the FC over RF (SR-001), but it does over USB or a telemetry port.",TID-111,T0893,MI-1,mitigate,
THR-027,Signing key file replaced or deleted,DS-FC-KEY,T,Replacing the key file installs an adversary's key and locks out the GCS. Deleting it disables signing on every link at the next boot.,TID-111,T0892,MI-1,mitigate,
THR-028,Flight logs reveal mission areas and routes,DS-FC-LOG,I,ULogs on the SD card of a captured vehicle show where it flew and what it did.,TID-111,T0882,MI-2,mitigate,
THR-029,Flight logs altered or deleted to hide activity,DS-FC-LOG,T,A peer with MAVLink FTP access edits or deletes ULogs remotely. Residual: anyone holding the SD card can do the same.,TID-225,T0872,MI-3,mitigate,
THR-030,FC firmware or parameters modified through the bootloader or debug port,DS-FC-FW,T,"With physical access, an adversary flashes modified PX4 firmware over USB or rewrites flash over SWD.",TID-211; TID-119,T1693.001,MI-1,mitigate,
THR-031,Firmware and parameters extracted from a captured FC,DS-FC-FW,I,An adversary reads the PX4 firmware image and parameter set from a captured FC.,TID-115,T0893,MI-4,accept,"PX4 is open source and the parameter baseline is published in P1. The only secret on the FC is the signing key, covered by THR-026."
THR-032,CC storage rewritten offline,DS-CC-SYS,T,An adversary removes or reflashes the CC's storage to replace the boot chain or root filesystem.,TID-201; TID-108,T1693.001,MI-1,mitigate,
THR-033,CC system image read from a captured vehicle,DS-CC-SYS,I,An adversary copies the CC's root filesystem and configuration from a captured vehicle.,TID-115,T0893,MI-4,accept,The image holds open-source software and configuration documented in P1 and P4. It contains no secrets; credentials are kept in DS-CC-CRED (THR-034).
THR-034,Keys extracted from a captured CC,DS-CC-CRED,I,An adversary extracts the CC's copy of the signing key and its WireGuard private key from a captured vehicle.,TID-214; TID-108,T0893,MI-1,mitigate,
THR-035,CC trust anchors replaced,DS-CC-CRED,T,Replacing the stored GCS public key or signing key makes an adversary's GCS a trusted peer.,TID-108,T0892,MI-1,mitigate,
THR-036,Imagery and mission plan read from a captured vehicle,DS-CC-DATA,I,Survey imagery and the active mission plan are read from the CC's storage.,TID-108,T0882,MI-2,mitigate,
THR-037,Keys stolen from a lost or stolen GCS,DS-GCS-CRED,I,The signing key and the GCS WireGuard private key are copied from the laptop's disk.,,T0893,MI-1,mitigate,
THR-038,Mission plans and imagery disclosed from the GCS,DS-GCS-DATA,I,"Mission plans, telemetry logs and received imagery are read from the laptop's disk.",,T0882,MI-2,mitigate,
THR-039,Master key material stolen from the MSS,DS-MSS-KEYS,I,"The master signing key, WireGuard key pairs and software signing keys are copied from the MSS.",,T0893,MI-1,mitigate,
THR-040,Software signing key lost,DS-MSS-KEYS,D,"If the firmware signing private key is lost, devices that trust it can no longer be updated. PX4's secure-boot guide warns that recovery then needs a debug probe.",,,MI-2,mitigate,
THR-041,Release artifacts tampered before loading,DS-MSS-ART,T,"Built images, firmware or SBOMs are modified in MSS storage between build and load.",TID-213,T0862,MI-1,mitigate,
THR-042,Commands injected or altered over the RF uplink,DF-01,T,"An RF-proximate adversary injects or modifies commands, mission uploads or parameter writes on the air-ground link.",TID-406,T1692.001; T0860,MI-1,mitigate,
THR-043,Commands and mission uploads read over RF,DF-01,I,An RF-proximate adversary records the uplink and reads commands and flight plans.,TID-408,T0887,MI-2,mitigate,
THR-044,RF jamming of the uplink,DF-01,D,Jamming blocks the uplink. Residual: jamming itself cannot be prevented (A-12); the vehicle returns under the data-link-loss failsafe.,,T1695,MI-2,mitigate,
THR-045,Spoofed telemetry misleads the operator,DF-02,T,Forged or altered telemetry shows the operator a false vehicle state.,TID-406,T0832; T1692.002,MI-2,mitigate,
THR-046,Telemetry read over RF,DF-02,I,An RF-proximate adversary records the downlink and reads vehicle position and status.,TID-408,T0887,MI-2,mitigate,
THR-047,RF emissions reveal vehicle and GCS locations,DF-02,I,"Transmissions reveal that the vehicle and GCS are operating, and direction finding locates them.",,T0887,MI-2,accept,"WireGuard hides content, not the existence, timing or direction of transmissions. Emission control belongs to the waveform and EW, both out of scope (A-12)."
THR-048,Video intercepted over RF,DF-03,I,An RF-proximate adversary records the downlink and recovers payload video.,TID-408,T0887,MI-2,mitigate,
THR-049,Unsigned or forged frames injected on the CC-FC UART,DF-04,T,"A tap fitted to the UART injects frames. Signing rejects them unless the adversary holds the key, except for the four messages PX4 accepts unsigned.",TID-406; TID-114,T1692.001,MI-1,mitigate,
THR-050,Spoofed ADSB_VEHICLE or COLLISION messages,DF-04,T,"PX4 accepts both unsigned. Spoofed ADSB_VEHICLE reports drive traffic avoidance (NAV_TRAFF_AVOID); PX4 v1.18.0-rc1 has no receive handler for COLLISION. The system has no ADS-B receiver, so neither message has a legitimate source.",TID-406,T1692.002,MI-3,mitigate,
THR-051,Spoofed RADIO_STATUS throttles FC telemetry,DF-04,T,"A spoofed RADIO_STATUS reporting a low transmit buffer cuts the FC's outgoing stream rate by 20% per message, down to 1%, when software throttling is active on that link. The IP radios send no RADIO_STATUS.",TID-406,T1692.002; T0815,MI-3,mitigate,
THR-052,Tampered FC telemetry misleads CC autonomy,DF-05,T,Altered or injected telemetry on the FC-to-CC link leads onboard autonomy to act on a false vehicle state.,TID-406,T1692.002,MI-2,mitigate,
THR-053,Malformed imagery exploits the CC video pipeline,DF-06,T,A tampered payload sends a crafted video stream that exploits a parsing flaw in the CC's media pipeline.,TID-327,,MI-1,mitigate,
THR-054,GNSS jamming denies position,DF-07,D,"Jamming removes or degrades GNSS. PX4 alerts on jamming the receiver reports, but treats it as a failed GNSS check only when EKF2_GPS_CHECK bit 11 is set, which is off by default. COM_POS_LOW_ACT (default Return) acts on low position accuracy only in mission or loiter modes.",,,MI-2,mitigate,
THR-055,False navigation data injected on the NAV-FC wiring,DF-08,T,Someone with physical access to the airframe taps the navigation module's wiring and injects false position or heading.,TID-114,,MI-1,mitigate,
THR-056,Actuator commands altered on the FC-ESC wiring,DF-09,T,Someone with physical access to the airframe taps the actuator wiring and alters motor commands.,TID-114,,MI-1,mitigate,
THR-057,Unauthorized peer installs the first signing key,DF-11,T,"Before a key exists, PX4 v1.18 accepts SETUP_SIGNING unsigned on any link. A peer that reaches any FC link first installs its own key and locks out the GCS until the SD card is cleared. Source: the v1.18 change that accepts SETUP_SIGNING on any link instead of USB only.",TID-313,T0892,MI-2,mitigate,
THR-058,Unsigned firmware loaded through the USB bootloader,DF-11,T,The PX4 bootloader accepts any firmware image over USB unless secure boot is enabled.,TID-211,T1693.001,MI-1,mitigate,
THR-059,Malicious image or credentials loaded into the CC,DF-12,T,"A rogue maintenance device, or a compromised MSS, loads a modified image or replacement credentials over the maintenance link.",TID-211; TID-302,T0843; T0864,MI-1,mitigate,
THR-060,Keys exposed on removable media during GCS provisioning,DF-13,I,"Signing and WireGuard keys copied to removable media for the GCS can be lost, copied or left behind.",,,MI-1,mitigate,
THR-061,Crafted offload data exploits the MSS,DF-14,T,"A compromised CC returns crafted imagery or logs that exploit software on the MSS, the host with every key.",TID-309,,MI-1,mitigate,
THR-062,Crafted flight logs exploit MSS log tools,DF-15,T,A tampered FC or SD card returns crafted ULogs that exploit log-analysis tools on the MSS.,TID-309,,MI-1,mitigate,
THR-063,Compromised upstream release enters the build,DF-16,T,"A malicious change in a legitimate upstream project or release (a PX4 submodule, a distribution package or a toolchain) is built into signed artifacts.",,T0862,MI-1,mitigate,
THR-064,Flaw in PX4's signing implementation lets forged frames through,CMP-FC,S,"PX4 states its signing implementation has not been audited, and signing fixes are still landing: PR #28891 (forwarding of signed frames) merged on main on 2026-09-30, after the pinned v1.18.0-rc1. A remaining flaw could let a peer without the key pass signature checks.",TID-318,T1692.001,MI-1,mitigate,
THR-065,Signed frames replayed after an FC reboot,DF-04,T,"PX4 notes the on-disk signing timestamp usually stays at its provisioning value, because vehicles are powered off without a graceful shutdown. Assumption, to be checked in VE-02: after a reboot, frames recorded since provisioning may pass the timestamp check. Over RF the adversary sees only WireGuard ciphertext, so recording needs a tap inside the vehicle or a key holder.",TID-221; TID-407,T1692.001,MI-1,mitigate,
