threat_id,req_id
THR-001,SR-001
THR-002,SR-022
THR-003,SR-011
THR-004,SR-013
THR-004,SR-030
THR-005,SR-012
THR-006,SR-001
THR-006,SR-032
THR-007,SR-010
THR-007,SR-036
THR-008,SR-005
THR-008,SR-006
THR-008,SR-007
THR-009,SR-004
THR-009,SR-016
THR-010,SR-001
THR-010,SR-005
THR-010,SR-008
THR-010,SR-009
THR-011,SR-014
THR-011,SR-041
THR-012,SR-020
THR-012,SR-041
THR-013,SR-023
THR-013,SR-041
THR-014,SR-001
THR-014,SR-009
THR-015,SR-002
THR-016,SR-026
THR-016,SR-027
THR-016,SR-036
THR-017,SR-028
THR-018,SR-026
THR-018,SR-030
THR-019,SR-028
THR-019,SR-029
THR-020,SR-034
THR-020,SR-040
THR-021,SR-031
THR-021,SR-033
THR-022,SR-039
THR-022,SR-040
THR-023,SR-034
THR-023,SR-043
THR-024,SR-020
THR-025,SR-031
THR-026,SR-023
THR-026,SR-036
THR-027,SR-023
THR-027,SR-025
THR-028,SR-019
THR-029,SR-011
THR-030,SR-018
THR-030,SR-024
THR-032,SR-005
THR-032,SR-006
THR-034,SR-010
THR-034,SR-036
THR-035,SR-010
THR-036,SR-017
THR-037,SR-027
THR-037,SR-036
THR-038,SR-027
THR-039,SR-034
THR-039,SR-043
THR-040,SR-035
THR-041,SR-007
THR-041,SR-018
THR-041,SR-033
THR-042,SR-001
THR-042,SR-003
THR-043,SR-001
THR-043,SR-002
THR-044,SR-004
THR-045,SR-002
THR-045,SR-025
THR-046,SR-001
THR-046,SR-002
THR-048,SR-001
THR-048,SR-002
THR-049,SR-003
THR-049,SR-023
THR-050,SR-011
THR-050,SR-021
THR-051,SR-011
THR-052,SR-015
THR-053,SR-009
THR-053,SR-014
THR-054,SR-020
THR-055,SR-023
THR-056,SR-023
THR-057,SR-011
THR-057,SR-025
THR-057,SR-037
THR-058,SR-018
THR-059,SR-007
THR-059,SR-044
THR-060,SR-042
THR-061,SR-038
THR-062,SR-038
THR-063,SR-031
THR-063,SR-032
THR-063,SR-033
THR-064,SR-001
THR-064,SR-003
THR-065,SR-001
THR-065,SR-023
