ve_id,title,method,evidence_repo,req_ids,procedure,pass_criteria,status
VE-01,Spoofed GCS heartbeats do not suppress the data-link-loss failsafe,T,P3,SR-001; SR-002; SR-004,SITL: cut the GCS tunnel mid-mission and inject unsigned GCS heartbeats at the CC radio interface; repeat at the GCS radio interface; control run injects directly on an FC link. Full procedure in docs/08 section 8.2.,FC enters Return within COM_DL_LOSS_T plus a stated tolerance; CC and GCS counters show injected packets dropped; control run shows the failsafe suppressed.,planned
VE-02,Signed C2 works with the pinned versions,D,P3,SR-003; SR-025,"SITL with QGroundControl v5.1.5: provision the key, fly a signed mission, send commands from keyless and wrong-key clients, delete the key file and reboot, then measure post-reboot replay. Full procedure in docs/08 section 8.3.",Signed commands execute; unsigned and wrongly signed commands have no effect; the GCS alerts on unsigned telemetry. Closes OI-01.,planned
VE-03,"CC accepts only signed, newer update images",T,P3,SR-007,"Offer the CC an unsigned image, an image signed with a wrong key, a modified signed image and an older signed image, then a valid newer image.",Only the valid newer image installs; each rejection is logged.,planned
VE-04,CC autonomy ignores unsigned or altered FC telemetry,T,P3,SR-015,SITL: inject unsigned and altered position telemetry on the FC-to-CC link while autonomy is active.,Autonomy decisions use only frames with valid signatures; injected frames are logged and discarded.,planned
VE-05,Imagery and flight logs are unreadable without the MSS key,D,P3,SR-017; SR-019,"Capture imagery and a flight log, copy them from CC storage and the FC SD card, attempt to read them, then decrypt them on the MSS.",Copies from the vehicle are unreadable; the MSS decrypts both.,planned
VE-06,Key management on the MSS,D,P3,SR-034; SR-035; SR-036; SR-037,Attempt to export a signing key from the HSM; restore a signing key from the offline backup; rotate the MAVLink key after a simulated loss of custody; provision a new FC's first key over USB before any other link is connected.,"Export fails; the restored key signs an artifact that verifies; after rotation the old key is rejected by FC, CC and GCS; first-key provisioning follows the defined order.",planned
VE-07,CC verified boot and key sealing,T,P2,SR-005; SR-010,"On the dev board: boot a signed chain; then boot with a modified bootloader, kernel and boot configuration in turn; then try to unseal the CC keys from a modified boot state and from removed storage.","Only the signed chain boots; the keys unseal only in the measured, unmodified boot state.",planned
VE-08,FC boots only signed firmware,T,P2,SR-018,"Enable PX4 Bootloader Secure Boot; flash signed, unsigned and modified-signed firmware over USB.",Only the signed image starts PX4; the others stay in the bootloader.,planned
VE-09,CC image hardening,T,P4,SR-006; SR-008; SR-009; SR-014; SR-016; SR-044,"On the built CC image: modify a root filesystem block; read the signing key from each service account; check confinement of the router, filter and video pipeline; attach a USB device not on the list; stop the C2 services; attempt maintenance login without the MSS key.",Modified blocks fail to read; only the signing service reads the key; confined services cannot reach credentials; the device is refused; the watchdog restores C2 forwarding; the login is refused.,planned
VE-10,CC command filter and logging,T,P4,SR-011; SR-012; SR-013,Send each excluded message type and an approved command through the tunnel; flood one message type above its approved rate; inspect the forwarding log. Validate the allowlist against QGroundControl v5.1.5.,Excluded messages never reach the FC; the approved command does; the flood is limited to the approved rate; each forwarded command is logged with time and WireGuard peer.,planned
VE-11,Supply-chain pipeline and package integrity,T,P4,SR-028; SR-031; SR-032; SR-033; SR-038,Build with an unpinned and with a hash-mismatched dependency; build a release; tamper with an artifact before load; install an unsigned GCS package; open offloaded data in the offload account and try to read key material.,"Both bad builds fail; the release has an SBOM, a vulnerability scan and provenance; the tampered artifact and unsigned package are rejected; the offload account cannot read key material.",planned
VE-12,Tamper-evident seal inspection,I,P5,SR-023,"Inspect seal placement over the SD-card slot, debug connectors and wiring, then remove and re-fit the SD card.","Seals cover every listed access point, and the SD-card access is visibly evident.",planned
VE-13,FC debug port cannot be used,T,P5,SR-024,Attempt SWD/JTAG connection and flash readout on the FC in the flight configuration.,"No debug session can be established, or the port is sealed so that any attempt is evident.",planned
VE-14,FC parameter baseline,I,P6,SR-020; SR-021; SR-022,"Export the FC parameters and compare them with the P1 baseline: EKF2_GPS_CHECK, NAV_TRAFF_AVOID, UXRCE_DDS_CFG and every MAV_*_CONFIG.",Bits 9 and 11 are set; NAV_TRAFF_AVOID is 0 or 1; uXRCE-DDS is disabled; only the CC-link MAVLink instance is enabled besides USB.,planned
VE-15,GCS configuration,I,P6,SR-026; SR-027; SR-029; SR-030,"Inspect GCS account, disk-encryption and network configuration, and the sortie records.",Individual logins and screen lock are enforced; the disk is encrypted; only the ground-radio interface is enabled; each sortie record names its operator.,planned
VE-16,MSS configuration and records,I,P6,SR-039; SR-040; SR-041; SR-042; SR-043,"Inspect MSS accounts, maintenance logs, peripheral firmware records, the GCS provisioning method and network state during key operations.",Individual logins; every load and provisioning action is logged with a maintainer; peripheral versions are recorded against the baseline; GCS keys are provisioned wired; key operations happen offline.,planned
